train_loss,step,epoch
5.811981678009033,49,0
4.7823591232299805,99,1
4.508841514587402,149,2
4.291913032531738,199,3
4.178477764129639,249,4
