iter	RMSE
0	682.3398984
1	656.2695584
2	626.8508951
3	601.0619562
4	582.5644529
5	556.9085313
6	539.5304777
7	523.9706782
