iter	RMSE
0	0.003959847814
1	0.002874211095
2	0.001912708893
3	0.00178427656
4	0.00158782581
5	0.001505597156
6	0.001323128523
7	0.001196897316
