iter	RMSE
0	701.1331835
1	668.1846819
2	636.5479731
3	610.1595047
4	586.2533034
5	561.0839762
6	542.82212
7	528.5533853
