iter	RMSE
0	3.182485146
1	3.068593485
2	2.949309614
3	2.846586606
4	2.737936677
5	2.65388632
6	2.602662595
7	2.513654756
8	2.425440178
9	2.350521136
