iter	RMSE
0	7.74945382
1	7.383041016
2	7.068841513
3	6.772204315
4	6.396936333
5	6.143542089
6	5.896246853
7	5.693011269
8	5.537498768
9	5.34224752
10	5.1813174
11	5.078632163
12	5.008435452
13	4.927651645
14	4.849797963
15	4.787703587
16	4.741953285
17	4.650032
18	4.536288523
19	4.477713085
20	4.425196721
21	4.388287325
22	4.362206197
23	4.333772819
24	4.305908781
25	4.261957259
26	4.247404502
27	4.229334067
28	4.197433648
29	4.180399412
30	4.16653532
31	4.107748943
