train_loss,step,epoch
5.913147449493408,49,0
4.76637077331543,99,1
4.522466659545898,149,2
4.318630218505859,199,3
4.190447807312012,249,4
