train_loss,step,epoch
5.609919548034668,49,0
4.770086765289307,99,1
4.5439839363098145,149,2
4.358295440673828,199,3
4.3006815910339355,249,4
