epoch,step,train_loss
0,49,5.632620811462402
1,99,3.6109676361083984
2,149,2.5147995948791504
3,199,2.3512096405029297
4,249,2.294722318649292
