epoch,step,train_loss
0,49,5.503903865814209
1,99,3.4045374393463135
2,149,2.5570197105407715
3,199,2.4009854793548584
4,249,2.347632884979248
