epoch,step,train_loss
0,49,5.449787616729736
1,99,3.472344160079956
2,149,2.6949071884155273
3,199,2.5570292472839355
4,249,2.5676543712615967
