train_loss,step,epoch
5.634615421295166,49,0
4.904350280761719,99,1
4.597266674041748,149,2
4.446584701538086,199,3
4.291480541229248,249,4
